X,Alt,E,N,SlopeSin,Yaw,Curvature
0.0,181.06490767661285,-9.099983959,938.5094649,0.002695710758560055,1.9243802521845443,0.00028482804357298283
10.0,181.10338577639442,-12.549300573203261,947.8957429107443,0.003054953904226827,1.9243802521845443,0.0007218949143313115
20.0,181.136357382399,-16.02521834607637,957.2721919480975,0.003328847841776658,1.9299900797647929,0.0011203914822706833
30.0,181.16576844612402,-19.579557027173863,966.6189951157958,0.0035206968461309164,1.941106195221602,0.0014819332556771957
40.0,181.19223572675932,-23.262854196980562,975.9153366886945,0.0036338051922109697,1.957337667640134,0.0018081357428369458
50.0,181.21749243571878,-27.118525728427787,985.1414595188683,0.003671477154938187,1.9778341581667378,0.0021006144520360308
60.0,181.246731072553,-31.17992807079166,994.2795607728195,0.003637017009233936,2.0017569178811723,0.002360984891560548
70.0,181.27363554801173,-35.47272099376301,1003.311278711312,0.003533729030019585,2.0281686496099325,0.002590862569696595
80.0,181.30547794826728,-40.010534664021336,1012.2213722292623,0.0033649174922165026,2.058689807593104,0.002791862994730268
90.0,181.33774876003756,-44.84516256216238,1020.9722930553612,0.0031338866707460566,2.0921220222363783,0.0029656016749476655
100.0,181.36760998934272,-49.96758868357942,1029.558386414045,0.0028439408405296156,2.1314826354269027,0.003113694118634885
110.0,181.39362837289323,-55.476456805345634,1037.903639320793,0.002498384276488547,2.166048433228233,0.0032377558340780225
120.0,181.4246454314347,-61.18074152558169,1046.1167613344737,0.0021005212535442196,2.19427526535913,0.003339402329563176
130.0,181.44754146267854,-67.15197371865135,1054.1382565876324,0.0016536560466180025,2.228376423076353,0.003420249113376442
140.0,181.46653950565508,-73.40201150436492,1061.9426112745218,0.0011610929306312633,2.2631478942309258,0.0034819116938039196
150.0,181.4791909071774,-79.91478620345384,1069.5281703176079,0.0006261361805053432,2.295836966594195,0.0035260055791317036
160.0,181.48500106184656,-86.6612912465512,1076.9075038676463,6.0357737247407225e-06,2.326062038218188,0.0035541462776458926
170.0,181.48433132159147,-93.62099887468722,1084.0863152437953,-0.0006364595149566158,2.3567554709277485,0.0035679492976325843
180.0,181.47719836297756,-100.80847786887902,1091.03882678923,-0.0013353341624230872,2.3917956614053977,0.0035690301473778755
190.0,181.45839472944652,-108.25480593041807,1097.7135701101327,-0.002068669237456663,2.430884683657531,0.0035590043351678637
200.0,181.42940027076634,-115.96207845925923,1104.08244648395,-0.0028309121494179135,2.4682667754446195,0.003539487369288853
210.0,181.3909225192304,-123.884569150465,1110.1811496063892,-0.0036246520730642265,2.4989735267748228,0.00354553140403374
220.0,181.34562886250055,-131.9689121665073,1116.0655273737682,-0.004379149953752953,2.52468620862853,0.0034891033469971974
230.0,181.29502813916005,-140.1948901801738,1121.749229274392,-0.005089181812231175,2.5534768227761937,0.0034353871062594364
240.0,181.2372570003013,-148.6049126975851,1127.158915426023,-0.005755238234054591,2.592922647303401,0.0034211005111488228
250.0,181.16918014584076,-157.25448843168948,1132.1773653480598,-0.006365593183210052,2.629560970691064,0.0034099563628765253
260.0,181.09172747446078,-166.03763798202255,1136.9566145778938,-0.006911212556989239,2.6599657632811637,0.0033812140867598324
270.0,181.00712933555158,-174.974209632749,1141.4391169245544,-0.0073992743124716405,2.695227976895566,0.00333458954793946
280.0,180.9167946789751,-184.07040061043887,1145.5867216374663,-0.007758466069454876,2.7312596925759163,0.0033152880598449133
290.0,180.82422456753005,-193.30764021115425,1149.414656441364,-0.00806515466973145,2.7622554463339415,0.003313622397865406
300.0,180.7358052619805,-202.6456820198058,1152.9916534813988,-0.00827205988074246,2.7942187848167155,0.0033063997348981152
310.0,180.6529147551821,-212.10955688816077,1156.2219897605064,-0.008390649466235384,2.8301928956040094,0.0033589203617188767
320.0,180.56867143949103,-221.67980404641554,1159.118196510423,-0.008431810579448048,2.862307929403792,0.003340024913045943
330.0,180.4862509153429,-231.3301408115837,1161.7340700613406,-0.008402869231208695,2.8921727129716897,0.003351124811042748
340.0,180.4044387446083,-241.05534594352685,1164.053614634992,-0.008312951447028283,2.924484239821434,0.003351253698085831
350.0,180.32434712684105,-250.85379517456346,1166.0406991304003,-0.008157916824491952,2.9600114728544864,0.003323819210443728
360.0,180.25115951483795,-260.720745737958,1167.664251628775,-0.007959779618811709,2.9960086115090885,0.003339178641582177
370.0,180.17941824153579,-270.6388282646364,1168.9416078805689,-0.00773508738852791,3.029772829274708,0.003321618547364313
380.0,180.1036825991882,-280.5923652487956,1169.89560041146,-0.007471534748900197,3.0620946428611346,0.0033080360614689175
390.0,180.03423324820048,-290.57041482821734,1170.5294758466932,-0.00715146324033106,3.095462683539064,0.0033308910078865992
400.0,179.9687625079793,-300.5638360010537,1170.8175378048988,-0.006789374887601317,3.1289941156430583,0.003369174327606517
410.0,179.9052381381165,-310.5626469015306,1170.7813620679754,-0.006411970248083567,-3.1241627775707195,0.0033487119976586114
420.0,179.84555137786992,-320.55711731002924,1170.469022096663,-0.006128269921242015,-3.0910974374378397,0.0033491159347288843
430.0,179.78665809418933,-330.53280320292833,1169.772106774537,-0.005900506901501404,-3.0524265448114747,0.003329808934830403
440.0,179.73345680818827,-340.4729175643569,1168.6884864090614,-0.005703709589972893,-3.0185468286194705,0.0033010858256564118
450.0,179.68121326371434,-350.3772479029201,1167.3179325616493,-0.005518290555439492,-2.9901365977987036,0.0033646410782347843
460.0,179.6299693816586,-360.2392679768269,1165.6716499104703,-0.005302388159532802,-2.959724482089949,0.0033600700550980526
470.0,179.58122597994216,-370.04058368368845,1163.7018407911619,-0.005099070626437696,-2.9235231419816157,0.003367176373584549
480.0,179.5369532599694,-379.7585587124169,1161.3463064488715,-0.00485382785061213,-2.887297797238103,0.0033840022426583974
490.0,179.4997039706442,-389.39416912713233,1158.6714210427601,-0.004518366991819978,-2.8539023648791115,0.0033952879768082388
500.0,179.46222954710493,-398.93327054501555,1155.6725260316375,-0.004141622129007618,-2.8194732871684987,0.00335769733949553
510.0,179.42785537011983,-408.36006909601656,1152.3416813727783,-0.003690947445935325,-2.7855930886318,0.00335419205833356
520.0,179.39901524725482,-417.67308012562404,1148.7042687418025,-0.0030884512675136257,-2.7542037658362104,0.003360460185251941
530.0,179.37465259161965,-426.8729531629765,1144.7883158367106,-0.002359612847753466,-2.724649810369285,0.003340229028763471
540.0,179.35114290922888,-435.9558151317793,1140.606649824674,-0.0015755344844926667,-2.692960307905409,0.0033123249138402497
550.0,179.32707628492764,-444.8904309160446,1136.11525351756,-0.0007383151650467716,-2.654632874343896,0.003297326981282058
560.0,179.30084421674633,-453.626361008645,1131.2502851286445,0.000162175537279036,-2.6195204269144323,0.0032845386673683516
570.0,179.29449467126753,-462.2228508438081,1126.1436235511997,0.0011638324451013996,-2.5887864481533063,0.0032610081748624528
580.0,179.30417056200005,-470.6418499114344,1120.7521890798132,0.0022507996725440803,-2.554581763993997,0.0032427722157416274
590.0,179.32680481165,-478.868682307188,1115.070231578268,0.003379584605507968,-2.5216390915330646,0.0032136424433214087
600.0,179.3624386941889,-486.91602895426234,1109.1350469614658,0.0045530995569712076,-2.491221987773728,0.003182535620013735
610.0,179.41065123862967,-494.7835559858745,1102.9623637194022,0.005744437092804987,-2.455423461083042,0.0031567734687202864
620.0,179.48685921578524,-502.38570647850463,1096.466679032456,0.006855152220424051,-2.4203872268975943,0.0030781069252376688
630.0,179.5771567907452,-509.8012744751955,1089.7587427185815,0.007936515651139965,-2.3921232393362546,0.0030640522671189756
640.0,179.67473139320612,-517.0247794951933,1082.8434715578776,0.0089546457591401,-2.35893630447712,0.003050233011188053
650.0,179.78886632520843,-523.9792552650379,1075.6582963186486,0.009866406390219075,-2.3263154653135683,0.0030102419471519063
660.0,179.9148738636847,-530.7358356045803,1068.2875750405963,0.010592664626413752,-2.299486523939616,0.0029697400243061268
670.0,180.041053480827,-537.2943482205721,1060.7404525321615,0.011143553582929453,-2.2725996541399387,0.0029374275195354366
680.0,180.16386077998155,-543.6447805611655,1053.0175076888704,0.011529394359344372,-2.2451939428834016,0.0029013455503291573
690.0,180.2875714264353,-549.7804254899161,1045.1218663123468,0.01176924136349392,-2.218235285093311,0.0028764609035368868
700.0,180.4208110258025,-555.7062625064499,1037.0667775075303,0.011857532086180808,-2.1898609552455786,0.002850782971061803
710.0,180.55896745627166,-561.384434548037,1028.8354886622435,0.01175201160775615,-2.1595079183329267,0.002825114521797252
720.0,180.68837936034814,-566.8099244267149,1020.4368426305317,0.011393139398047734,-2.1315184326937593,0.002795391640403728
730.0,180.8081756850355,-572.0182400051084,1011.9014891278609,0.01086455286721423,-2.1060094663885116,0.0027718291266100857
740.0,180.91811858837983,-577.0083612284652,1003.2371026424631,0.010237250767806514,-2.0798862740369803,0.0027176257894444907
750.0,181.01665068201225,-581.7640375422556,994.4410505063754,0.009741946927957159,-2.053651774750947,0.002688613614484836
760.0,181.09786443026584,-586.2935010173247,985.5256727450006,0.009239263713541756,-2.027065908783295,0.0027089937480117045
770.0,181.17626568425504,-590.5751907310276,976.4888252098208,0.008485040796849802,-1.9988692558118104,0.0026874788335191522
780.0,181.23755393231826,-594.5944755314961,967.3333781391538,0.007556513051768124,-1.9723093397963545,0.0026844084305942912
790.0,181.28441636780045,-598.3900206534036,958.0827066290351,0.006760978248159438,-1.9473263861164958,0.0026794151865751955
800.0,181.32484235483133,-601.9468564449114,948.7383398705533,0.0061307611252402,-1.920348633680166,0.002658390917058632
810.0,181.36640192684465,-605.238112801168,939.2961681265093,0.005538359728324956,-1.8940921194867764,0.002630233590522034
820.0,181.40962197428775,-608.3000507233438,929.776476106242,0.005059349687695379,-1.8654150642628726,0.0026759468210963105
830.0,181.4552578417749,-611.0447975116144,920.1605988283835,0.004625681942521185,-1.8354224175860943,0.0026776666171809157
840.0,181.4984089824406,-613.5302910898141,910.4753534877672,0.0042086938504064,-1.8078035612800125,0.0026698873363144547
850.0,181.53451989352197,-615.7396343387318,900.7240652822705,0.0038718598053060185,-1.7807488712976565,0.002692642372805949
860.0,181.56810407049997,-617.697695167057,890.9185997066497,0.0035520416077150707,-1.7563948567664431,0.002706704902288894
870.0,181.60884430656307,-619.429776309892,881.070498327447,0.0034260526777161195,-1.732719589063465,0.002690919658506782
880.0,181.6670902434416,-620.9216616186472,871.1824574942274,0.0034095966018415106,-1.703935105290618,0.0026992685181717276
890.0,181.73290144590794,-622.0843197991107,861.2502761650629,0.0035212924292193637,-1.674747175597521,0.0027139513317592573
900.0,181.7534662519755,-622.9966950033349,851.2927317118579,0.003760249757819423,-1.6490524075462158,0.002720237558210596
910.0,181.75051604618804,-623.647551155331,841.3152250609817,0.004084784689030804,-1.6218291275348569,0.0027361496006668047
920.0,181.77987536484827,-624.0166562810005,831.3236987597666,0.004506591490112073,-1.593785449316292,0.0027796503679994645
930.0,181.86163643496252,-624.1071935929714,821.3248378367157,0.005015045939730701,-1.5681969990587705,0.0027848979970986243
940.0,181.93228738360511,-623.9646755914945,811.3260002340211,0.0054739731833343165,-1.5414071608297852,0.002803812713675365
950.0,181.9761628794824,-623.5195665199445,801.3359112497116,0.005901925462158239,-1.5114318345660431,0.0028253716620715227
960.0,182.03102409595917,-622.7782712974393,791.3643996894457,0.006334705151984461,-1.4834022441427859,0.0028343146340115053
970.0,182.08396032555171,-621.7742477519497,781.4161062810433,0.0067842310135300225,-1.4580875613726056,0.0028403618035619253
980.0,182.1409790050601,-620.5292780403345,771.4949424424562,0.007243051486083068,-1.4336870164965596,0.002840567006072249
990.0,182.20749290763698,-619.0411343767429,761.6073471167481,0.007696561636289139,-1.4077448255973424,0.0028089743534358003
1000.0,182.27767182862922,-617.2831829566209,751.7632792846005,0.008098566752034601,-1.3794722552942262,0.0027776103612898555
1010.0,182.38187598628684,-615.2383980560865,741.9745687101404,0.008404614880537191,-1.3493227796916136,0.002737789433050301
1020.0,182.48800398755398,-612.8905535006645,732.2549755415838,0.008642903230883275,-1.3212795980409073,0.002663032383554886
1030.0,182.6011168381673,-610.3005299390677,722.5972493675021,0.008891105954149279,-1.296477445946777,0.002607045946671452
1040.0,182.71520463582985,-607.4737359391318,713.0063638107125,0.009168064538893692,-1.2706610511900507,0.0025255715290368633
1050.0,182.82699718113219,-604.3888679772632,703.4956063961063,0.009549058455360086,-1.2419840122139216,0.0024319075819402183
1060.0,182.93981335447106,-601.016622953883,694.0815581777636,0.00967807253513516,-1.2153673210247609,0.002329109175965989
1070.0,183.03832295538535,-597.4295365069,684.747062432311,0.00964447937867417,-1.1887861551002603,0.00219767123488754
1080.0,183.13265903292788,-593.5620045345432,675.5259818431482,0.009723803096466569,-1.1614592810157012,0.0020588630869782173
1090.0,183.233173463608,-589.4707623512019,666.4022471220778,0.010050660296419715,-1.1381802741638152,0.0019519136103988617
1100.0,183.33391835913082,-585.178338079302,657.3713099193658,0.010396482335977605,-1.1160713556559854,0.0018124355031726954
1110.0,183.4304652843595,-580.6877598309857,648.4372740450891,0.010631757194625696,-1.0936445427475987,0.0016697142586185806
1120.0,183.52492945398535,-575.9943616068551,639.6071951377991,0.010906748143030841,-1.075185904541296,0.0015343009226792765
1130.0,183.61818875770547,-571.1766636448803,630.8442169712632,0.011180060347099414,-1.0592244660777281,0.0013977228425777876
1140.0,183.7137862692492,-566.2038834570923,622.1685486971801,0.011492308477925496,-1.0449370063351322,0.001238450225371329
1150.0,183.81678756662117,-561.1378688578862,613.5469330678362,0.011874719614364293,-1.03569918316937,0.0011005174856694201
1160.0,183.93213000269256,-556.0055890136542,604.9645002416477,0.012308809539959052,-1.0290865586092597,0.0009750856923191389
1170.0,184.0592540296845,-550.8259277962412,596.4105207645781,0.012941532995654276,-1.0243672629913696,0.0008322870909788639
1180.0,184.19384751500115,-545.6128329115256,587.8768477010394,0.013662659339288372,-1.0211110738500841,0.0006860578809213156
1190.0,184.3488973830167,-540.3775608781896,579.3567581042706,0.014473635961059314,-1.0186176073713094,0.0005570806258773001
1200.0,184.5044326081242,-535.1219742058504,570.8491885275955,0.015370445294430614,-1.0180853231656621,0.0004414667665984077
1210.0,184.6750666839677,-529.8776378807523,562.334681855163,0.016374801696407384,-1.0192169540012803,0.00033050040234721464
1220.0,184.85384772125693,-524.6413178618367,553.8152366384655,0.01744772246819984,-1.0195691389608232,0.0002510660974046118
1230.0,185.04045877737576,-519.4029786542836,545.2970356086723,0.018521181855370338,-1.0189686761194012,0.00014540606655124617
1240.0,185.24132494485292,-514.156431552176,536.7838855454514,0.01958413369346114,-1.01897331418189,5.2767289798765936e-05
1250.0,185.4468708755744,-508.91817046792164,528.2656344742276,0.02068186327629767,-1.0189022801062335,-1.3181412987367702e-05
1260.0,185.6612223085222,-503.6704135175255,519.7532291272186,0.021782675287498707,-1.0192393799776422,-5.2746647154993466e-05
1270.0,185.88889844786752,-498.43789975564357,511.23145344413285,0.022842196355603816,-1.020067066393399,-0.00011025992895907202
1280.0,186.12716385164686,-493.20424314491083,502.7103759584138,0.023816504540700053,-1.019622572333451,-0.00012412418792049712
1290.0,186.37316609588294,-487.96415212545054,494.1932494816396,0.02477926031013141,-1.0193942771826823,-0.0001341362998845851
1300.0,186.62663473252388,-482.7266034613253,485.67455933940323,0.02566956199853161,-1.0197591954793204,-0.00013786801778682705
1310.0,186.88588487202804,-477.4927298771632,477.15361060672024,0.02646950711239681,-1.0199158806041284,-0.00013120156407214441
1320.0,187.15602347994297,-472.2578509189992,468.6332795009323,0.02719852707967252,-1.0201731432603687,-0.0001077201858148346
1330.0,187.43259972675736,-467.0283627139481,460.10963965688074,0.02786132019913338,-1.0209926903942328,-0.00010231055939909696
1340.0,187.72125372364113,-461.8074577792236,451.5807417799764,0.02838989975324391,-1.0214551865346042,-7.069574809133648e-05
1350.0,188.017607306266,-456.58585926533823,443.0522735003985,0.028855448090667268,-1.0206036997635966,-4.421114299994606e-05
1360.0,188.31066108538596,-451.3504363745688,434.53227733688806,0.029170137639071236,-1.0202998019235767,-3.072986063988813e-05
1370.0,188.60790909455613,-446.1236516543807,426.0069784278288,0.029356298124862134,-1.0199785551085498,-1.7570124296346503e-05
1380.0,188.90218208422388,-440.8827561888116,417.4903483797196,0.029375007990132384,-1.0183161786137378,-9.804054867797708e-06
1390.0,189.19876258083636,-435.6276583061875,408.9824782306881,0.029242531889712736,-1.0184292317427468,-7.193368004674634e-06
1400.0,189.49522753074876,-430.38870363630014,400.4646877352502,0.029004018242037476,-1.0201948486217778,1.3365936978087647e-05
1410.0,189.78856667472954,-425.1636826066822,391.9383151976606,0.028600339901033247,-1.0203126715683586,3.2438058222906385e-06
1420.0,190.07762398951706,-419.9267211529113,383.4192674034957,0.02802930612048156,-1.02068738172466,2.220451314099342e-06
1430.0,190.36805324119487,-414.7080881188605,374.8889761273484,0.02735085284136217,-1.020769707234961,4.352104098403344e-06
1440.0,190.63800415059444,-409.47252884003325,366.3690652541129,0.02654967659993826,-1.0192656594926244,3.0647999491180633e-06
1450.0,190.89459742169404,-404.22826026481204,357.85451189200097,0.025593051285684405,-1.0190703408059765,-7.94280573126186e-06
1460.0,191.14103104727067,-398.98937452152427,349.3366490375687,0.024525149271592255,-1.0196312206861442,1.1971662309665391e-05
1470.0,191.3748115866908,-393.75466079907227,340.81621866988485,0.02339897073163341,-1.0193485187127471,-1.3792292416961988e-06
1480.0,191.59098696087838,-388.51095793701717,332.3013161382748,0.022139706937224547,-1.0182902206557192,7.069686138731489e-06
1490.0,191.7957535598451,-383.2582206301351,323.7919829808005,0.020746427221395698,-1.0182803917485994,1.3060696501778877e-05
1500.0,191.98648206430127,-378.01435023949375,315.27718329504705,0.019305323858585185,-1.0193734518613558,9.553966558363516e-06
1510.0,192.15854963647973,-372.78022901273596,306.75638918353616,0.017852841422991823,-1.0200044375638284,2.1008863621309885e-06
1520.0,192.31936384760377,-367.54710817477604,298.234978579654,0.01631420200098268,-1.019793445093887,-9.880172364832606e-07
1530.0,192.47051262321398,-362.30939106277594,289.7163928011506,0.01480929870550676,-1.0191875821707044,-2.3826106010515543e-06
1540.0,192.60769585329203,-357.0659484334999,281.20132952283404,0.013276697003840382,-1.0185096768409094,-7.829709425729014e-06
1550.0,192.7276638402294,-351.81668613524687,272.68985225245723,0.011797001784171077,-1.019174365387721,-7.116949024086017e-06
1560.0,192.83245603738845,-346.5845685324404,264.1678270704973,0.010373396204925054,-1.0200600531997972,-2.360398479570573e-06
1570.0,192.92677774796695,-341.3503916425357,255.64706500222894,0.008989902540952648,-1.0201369761009984,-6.0681196043215565e-06
1580.0,193.00458709251546,-336.1195850320886,247.12423474161272,0.007691271476255056,-1.0200598605193207,1.9554490118711593e-05
1590.0,193.0683040729729,-330.8840996116783,238.60428912460077,0.006579646053491871,-1.0189504230892132,2.9091779027741346e-05
1600.0,193.12491893241568,-325.6343976200876,230.09309090132155,0.005457055278255773,-1.0196145789220652,4.371390555386896e-05
1610.0,193.16820125399178,-320.4102282237225,221.56618911239005,0.004465648038142562,-1.0202938248885258,5.455703509021929e-05
1620.0,193.1858484704906,-315.1720904851265,213.04786220066265,0.003605672152364484,-1.0197704270395465,8.027302862830637e-05
1630.0,193.20149801814787,-309.9389985100528,204.52643450314608,0.002826850219731721,-1.0203077845647957,9.28142403947135e-05
1640.0,193.21888808307105,-304.71001816960984,196.00248235583229,0.0022164916848709123,-1.019824249795067,0.00010211087136727855
1650.0,193.2343087548451,-299.4687014119261,187.48614151163426,0.001782051196548622,-1.0177698052638118,0.00013008963898458555
1660.0,193.24342038649453,-294.2047473418333,178.98375618310556,0.0015246381729859411,-1.0183467484295068,0.00012838968564104998
1670.0,193.2568565064561,-288.97324687073166,170.46135025397595,0.0013726200057556234,-1.019229802384948,0.00012033971815380337
1680.0,193.263032987254,-283.7243117971007,161.94967278847108,0.001327966303265712,-1.01930371600767,0.00010589764331946348
1690.0,193.27301385468766,-278.4940762148266,153.42650170260234,0.0014034212275717195,-1.0210044381508012,7.430489353311981e-05
1700.0,193.2817730028659,-273.27412305789386,144.89701894273915,0.0016370033287490622,-1.0214611314072346,1.3848061176080884e-05
1710.0,193.2926907377129,-268.0516715933741,136.36906925776657,0.00192100879146183,-1.020631330757569,-2.3765461783161843e-05
1720.0,193.3133147437937,-262.8175701844572,127.84826142892166,0.002252904854805574,-1.019459924354314,-0.00010543337215625218
1730.0,193.3403773817073,-257.57515171700004,119.33256717583433,0.0026793389001031147,-1.0190792874841497,-0.00019891363739538438
1740.0,193.36407732471554,-252.3345647352057,110.81574571304385,0.003122681077374483,-1.0190324301868359,-0.00029127600903678644
1750.0,193.40828461186197,-247.0913483348268,102.30054293288376,0.0035494751092014017,-1.0190958642506465,-0.00038442531617856513
1760.0,193.45377849281428,-241.8518425138674,93.78305765898683,0.004056005139065641,-1.0192371233741573,-0.0005027963807676276
1770.0,193.50550612898684,-236.61103353291023,85.26637636898383,0.004571719385619937,-1.0192157948078335,-0.0006104681114968728
1780.0,193.57556957703386,-231.37118224083116,76.74914362526472,0.004912038856179173,-1.0223238948862374,-0.0007386157689369386
1790.0,193.642066384256,-226.18341389305883,68.20004662208072,0.005234103551834625,-1.0265074954001754,-0.0008683863318716071
1800.0,193.7073428147629,-221.01499297422882,59.639240259733015,0.005555081808877934,-1.0318434278838198,-0.0009956832772937355
1810.0,193.7661122764899,-215.9188081649983,51.03536002856673,0.005837968947236898,-1.0408174896492037,-0.0011388562820626156
1820.0,193.82484556354518,-210.90495465230754,42.38333430385475,0.006074554042965209,-1.0520961611768525,-0.0012578776665080817
1830.0,193.88894889828333,-206.00432973967526,33.667047028121246,0.006295564244082494,-1.0666895930294438,-0.001378239513800049
1840.0,193.95764787109414,-201.2451052530562,24.872405334642952,0.006434009518660183,-1.081890604184569,-0.001524950534711845
1850.0,194.0158367916391,-196.61146122137248,16.01072699543193,0.006508791108335294,-1.1008575296896337,-0.0016535214872861659
1860.0,194.07786277019324,-192.18914547416347,7.041813449983524,0.00651538854772058,-1.123524342040685,-0.0017637602909891237
1870.0,194.1434799374318,-187.96213913785843,-2.0201545559544645,0.006496844505010295,-1.1463911551279675,-0.0018946861700579697
1880.0,194.20436877637533,-183.95493246893565,-11.180846946943728,0.006489749615508938,-1.170980830740597,-0.00201312733699786
1890.0,194.266111508304,-180.17869372906299,-20.439208162131152,0.006421293453226859,-1.195618261175576,-0.0021109504860040715
1900.0,194.3346187240693,-176.6273035492074,-29.786811791506576,0.006298964731426508,-1.2186091898463987,-0.0022058154378438496
1910.0,194.3931799940927,-173.2802440144286,-39.210038015610756,0.006239727540781034,-1.2457324992998426,-0.002308310894319606
1920.0,194.44381504130675,-170.24080526586744,-48.736786339227834,0.006161680910604686,-1.2737368248337022,-0.0023968887717531334
1930.0,194.5061866245419,-167.4267157365589,-58.33188552813307,0.006084813366858919,-1.296523500812399,-0.002469350581997202
1940.0,194.56827268730416,-164.82463482531915,-67.98649829468411,0.0060566645060618676,-1.319662055539304,-0.0025414009963729113
1950.0,194.62904138122994,-162.457579907389,-77.70092159830469,0.006005688863985565,-1.3449397136376917,-0.0025529608696677536
1960.0,194.69147308406454,-160.3466412981032,-87.47492786568604,0.005951955445802288,-1.3703098611195097,-0.0025884619172689685
1970.0,194.75029616886684,-158.47508265155705,-97.29823017359342,0.005902717305927718,-1.3961813210836491,-0.0025873896248858313
1980.0,194.80770899136067,-156.87239751418497,-107.1688907331341,0.0058914949596966006,-1.421834732472394,-0.002591469462130118
1990.0,194.86405126734473,-155.50719772886785,-117.07447100129951,0.005929091675275993,-1.4455706942792148,-0.002617163598745223
2000.0,194.9255916655407,-154.37482352490193,-127.00911888168207,0.005980917277413118,-1.468922437837728,-0.0025950476399345286
2010.0,194.98865303059054,-153.47358523809805,-136.96742394177423,0.005985865423371569,-1.4925468912587392,-0.002578424793028766
2020.0,195.0461985682764,-152.8116832458747,-146.94470831353453,0.006005132722694378,-1.5178088885588852,-0.002575490189780207
2030.0,195.0973149676592,-152.41446689807992,-156.9368161578808,0.006033999725429537,-1.5455260948895262,-0.0025843262523816035
2040.0,195.15572240764962,-152.30638681465302,-166.9361698227748,0.005992953695044084,-1.5707435272464183,-0.002608819603243659
2050.0,195.21052271840733,-152.41341100346122,-176.93499129670906,0.005900064740417522,-1.5930838513529242,-0.0026241963201427453
2060.0,195.26278247347938,-152.7520334439849,-186.92819883826826,0.005840001233070813,-1.6173684667294979,-0.0026622702416867665
2070.0,195.31255296543983,-153.34432749332882,-196.90923667849165,0.0056337032912750825,-1.642707502129178,-0.002663813658509901
2080.0,195.36123676559905,-154.18877086760568,-206.873082263524,0.005283267070705508,-1.665912715092312,-0.002667718573380832
2090.0,195.41601596779535,-155.24364077111542,-216.8172890939689,0.004862313205466925,-1.6911425265753468,-0.002654597470098726
2100.0,195.47375757564376,-156.589613257708,-226.7261441351951,0.004339478594195045,-1.7200280480805088,-0.002628588825022255
2110.0,195.5328000425865,-158.21672247023739,-236.59176167068787,0.003713427068821109,-1.7456311375912,-0.002580576597131785
2120.0,195.58425612251486,-160.06796935438211,-246.41811756142613,0.002988605111141301,-1.767999017538868,-0.0025624828488253343
2130.0,195.62370173596398,-162.13467096341282,-256.2011700333233,0.0022024787813500406,-1.790449313142049,-0.002526261641348875
2140.0,195.65185155093673,-164.42517363696746,-265.9348256006515,0.0014093159253353745,-1.8119473603923226,-0.002471102969614891
2150.0,195.67468402001214,-166.91072657431408,-275.6210026894544,0.0006633637531217003,-1.8384332206546838,-0.0023917037969256303
2160.0,195.6870656155115,-169.71351770938972,-285.22017050151317,2.7950378438134808e-05,-1.8669679393333893,-0.0023133712792518
2170.0,195.68704009468937,-172.74730237355234,-294.74813142258034,-0.00046680409165586717,-1.8940225850327799,-0.0022137125507184097
2180.0,195.67367366332894,-176.06454654932978,-304.17994766796426,-0.0008193009415049052,-1.9214483963883906,-0.0021036674474695484
2190.0,195.65306145067402,-179.61612208322344,-313.52732132757734,-0.0010771960590615448,-1.9441338649838953,-0.001962052832455076
2200.0,195.6259510867737,-183.35811857661116,-322.7998790131662,-0.0011033449933680992,-1.9669420249402305,-0.0018348389692490793
2210.0,195.57991965554774,-187.3324421342454,-331.97606041178597,-0.0009980186967305559,-1.9925411642437616,-0.0016665648685131144
2220.0,195.5336728320554,-191.54443477199075,-341.04574166415534,-0.0007660176180061487,-2.015412076585182,-0.0014828457670051512
2230.0,195.48819288760677,-195.93408935266925,-350.0303773773101,-0.0004211460495853977,-2.032945439097949,-0.0012930306725348014
2240.0,195.45235057830698,-200.46130117099452,-358.94648481617446,2.8170529219379036e-05,-2.045202315504133,-0.0011041533042911037
2250.0,195.42775282849493,-205.07000602703286,-367.8211056830504,0.0006190841026085386,-2.051446165005269,-0.0008830197469303891
2260.0,195.41961816032995,-209.70837605213032,-376.68031126268477,0.0013223587523850406,-2.0532453205291303,-0.0006691106836447411
2270.0,195.438460805959,-214.3490050322008,-385.5383298942516,0.0021157552374934984,-2.0547994951818325,-0.0004318554421480376
2280.0,195.4798792575205,-219.01489010637195,-394.3830750276415,0.002936208176898867,-2.056026895832395,-0.00020333111665501275
2290.0,195.54136314663984,-223.67725131272243,-403.2296780988449,0.003736855098102352,-2.0561122148750344,3.911854305823723e-05
2300.0,195.6171904987659,-228.3446451707356,-412.07362616999984,0.004501442425535813,-2.0557658487040684,0.0002472531592207622
2310.0,195.70518501845373,-233.000871455791,-420.92344649596134,0.005253043407903783,-2.053824893467144,0.00044900341686787264
2320.0,195.79890655733632,-237.6338931077147,-429.78543535652665,0.005938932240440533,-2.0504862125870225,0.0006692205773113243
2330.0,195.8902536604434,-242.2308813076194,-438.66607012545813,0.006522122132493941,-2.042168143398256,0.0008976009665113577
2340.0,195.9857282330148,-246.7158460265301,-447.60391614506074,0.006937741931740845,-2.0279977267707077,0.0011112305506401938
2350.0,196.06890983352537,-251.05933689187657,-456.61125214553175,0.007206559455247813,-2.013467761106975,0.0013229889415380944
2360.0,196.14664511601572,-255.28259923923875,-465.67539901958884,0.007324954819598299,-1.99827075167192,0.001474016207070034
2370.0,196.21755600975484,-259.35011779921103,-474.81003951844855,0.0071922374905640735,-1.9802967041713535,0.0016392464045019979
2380.0,196.28104137616157,-263.2447536026811,-484.01979894210956,0.006860939304014475,-1.9616799707644068,0.001747877331795384
2390.0,196.33696871364828,-266.96956088940453,-493.2998733425111,0.006369123545405983,-1.9436481619520678,0.0018513246235531355
2400.0,196.38273394303206,-270.52981510257376,-502.64463604349004,0.005716129781280435,-1.9208900208207762,0.0019860362511080554
2410.0,196.41979883025525,-273.82857169290696,-512.0847525634264,0.004925063713448351,-1.895621427725703,0.002071051074568059
2420.0,196.44960324502486,-276.91201149653773,-521.5967943747997,0.004031861439574981,-1.873151572863339,0.0021205688701567697
2430.0,196.4736735106368,-279.78312641106123,-531.174835037081,0.0031093075062343482,-1.8512858926952824,0.0021653419294587555
2440.0,196.49290021886551,-282.44774190449164,-540.812446104856,0.002218223395104031,-1.8297909586207453,0.0021892285262357027
2450.0,196.5062932828187,-284.90463521546167,-550.5052724522184,0.0013455534949086718,-1.8078317082156445,0.002217241547635617
2460.0,196.51031738117894,-287.1437198799762,-560.2513066386808,0.0005165644272320116,-1.7837727916680446,0.002267333067588488
2470.0,196.50557808979016,-289.13167332639154,-570.0517168900371,-0.00028791979711302097,-1.7616416262091552,0.0023297165792010104
2480.0,196.49146740251703,-290.9372681627268,-579.8870008906537,-0.0010800579683298785,-1.7417658169176458,0.0023514102078959287
2490.0,196.4745282703305,-292.5340330657026,-589.757829293407,-0.001864736273034644,-1.7201442952904966,0.002351976055701031
2500.0,196.45203931494004,-293.91269092667227,-599.6614092266801,-0.0025704439007373154,-1.697659383979822,0.002338644079782977
2510.0,196.4210764940432,-295.0641011469147,-609.5940241719732,-0.0033009604078373046,-1.6742185054529508,0.0023274041962055613
2520.0,196.38337894651502,-295.9771886920557,-619.5520343718637,-0.004009943098621735,-1.6505795487019619,0.0023193790634561465
2530.0,196.34199815999818,-296.6579478874887,-629.5288358090895,-0.0047076057387551865,-1.6287563561643015,0.0022953452535421264
2540.0,196.2874116588424,-297.1356646510429,-639.5171453818209,-0.00537602822243895,-1.6080490236615623,0.0022849904257728356
2550.0,196.22751322031073,-297.4027501846076,-649.5128313689703,-0.006007827969329752,-1.5864996315188962,0.0022796863915434816
2560.0,196.16113929028262,-297.44967221940664,-659.5117747090206,-0.006644285257457097,-1.5646636058381842,0.0022646202505106025
2570.0,196.0895975396853,-297.28011383840783,-669.5096337018439,-0.007297080794657942,-1.543228613116735,0.002254850475370985
2580.0,196.01556228796494,-296.89845144075395,-679.5018667167251,-0.007975764504914495,-1.519682112793349,0.0022284727372316425
2590.0,195.92977086120038,-296.25838470744884,-689.4813614222156,-0.008605211765561326,-1.493076554545459,0.002203055880592022
2600.0,195.83919848999923,-295.34578495195274,-699.4393801866898,-0.009157779517048867,-1.470462674728024,0.002193566394339949
2610.0,195.73936370692823,-294.2552252987212,-709.3793021680983,-0.009630801058237978,-1.4515658985834605,0.0022257261711727087
2620.0,195.63819723769979,-292.96709479988357,-719.2951146169727,-0.01003688713165923,-1.4310944984511693,0.002229544829537414
2630.0,195.53855817155525,-291.470644964448,-729.1817741359051,-0.010346958791004996,-1.4099121927800455,0.002227393694630547
2640.0,195.43797483738115,-289.7636802564687,-739.0343387914742,-0.01053881048123672,-1.3865893593669307,0.0021995766345942456
2650.0,195.33147173581244,-287.8077202235748,-748.84118437758,-0.010609023660850161,-1.3610597954962902,0.0022106896861492937
2660.0,195.2259316386603,-285.59999347244553,-758.5943756073651,-0.010543309335475303,-1.3374670049274717,0.0022254261670336213
2670.0,195.1198488775038,-283.18377624970844,-768.2974818187868,-0.01033483251298767,-1.3183510730282426,0.0022457097632063213
2680.0,195.01604870725583,-280.60496922768476,-777.958819832242,-0.009974707812144788,-1.2996591035356269,0.0022307268580575583
2690.0,194.9119043268443,-277.8279567417992,-787.5642081374128,-0.00947765292774024,-1.2764388977133236,0.002220224269017269
2700.0,194.80659676675623,-274.8035673621294,-797.0949744302901,-0.008867875120998089,-1.2507803309880854,0.0022156667543597533
2710.0,194.70722542680096,-271.5371396768186,-806.5463481350976,-0.008151716178854396,-1.226537661339518,0.0022147481793710513
2720.0,194.62061683513153,-268.05406900128685,-815.9201530546194,-0.007288993070765338,-1.2054676390049308,0.002220634077740004
2730.0,194.5556831638339,-264.3924596169908,-825.2253094546967,-0.006284880769137415,-1.1857180534311178,0.002237501567015414
2740.0,194.5040697494879,-260.54223180053714,-834.4535688652577,-0.005165268792420572,-1.1645349108161602,0.0022356788864313594
2750.0,194.46503384724917,-256.4900690998395,-843.5946923472554,-0.0040037769784694414,-1.1424592170856687,0.0022100035426075746
2760.0,194.44094518570589,-252.23625051603958,-852.644110095281,-0.0027568308775612663,-1.1211186735015601,0.002204875153326901
2770.0,194.43439263707154,-247.79739512670855,-861.6047156574422,-0.0014576514666089235,-1.1003536228125197,0.002221750653403935
2780.0,194.44250857649274,-243.1712247934894,-870.4702978745355,-8.998418041090702e-05,-1.0764624812324342,0.0022205181475327823
2790.0,194.46098205776218,-238.30953972265897,-879.208463676901,0.0013526358422852227,-1.0499469192018953,0.00223106287113067
2800.0,194.49759539180903,-233.2205148721514,-887.8153895787211,0.002869146412141343,-1.0266081667761588,0.002248451216556807
2810.0,194.54963452675395,-227.95646539758792,-896.3171085419889,0.0044156972151306925,-1.0070718098465163,0.002217937646814391
2820.0,194.61332907380836,-222.53491773256545,-904.7189627169319,0.005991393822913572,-0.9870185851194433,0.002209136628009274
2830.0,194.68780114178352,-216.93414762397836,-913.002896603414,0.007646648851853422,-0.9649549068465992,0.002208767870987423
2840.0,194.77963343413447,-211.14679307742875,-921.1580500264056,0.009377162470917218,-0.9387051855858934,0.0022132624069642736
2850.0,194.88350452954558,-205.1189590365349,-929.1367579208545,0.011135823355528714,-0.9139840121051162,0.002227435423662209
2860.0,195.00751972603337,-198.93595362930992,-936.9955144227773,0.012851388387577514,-0.8948259162603589,0.0022291989739531073
2870.0,195.14141401693453,-192.60714556229343,-944.7371666055004,0.014474826381034927,-0.8753525081299566,0.002231332831638181
2880.0,195.28462120243455,-186.12306801069587,-952.348938135558,0.016030389576585917,-0.8539602392190894,0.002222319414774929
2890.0,195.4434375779036,-179.46890051951095,-959.8128542055234,0.017583400987733186,-0.8308935817299777,0.002217324577603352
2900.0,195.62227096161283,-172.6400894215025,-967.1181494759225,0.018981672046895222,-0.8076221416280286,0.0022252610487740487
2910.0,195.81677874859082,-165.64546610178527,-974.2647831589194,0.020240482847472086,-0.784625002406776,0.0022255673193714827
2920.0,196.02599725085975,-158.4884879692226,-981.2478848974105,0.021338467453077412,-0.7617624184375026,0.0022337774778155616
2930.0,196.25139295645906,-151.1751625948739,-988.066726583831,0.02227089628307374,-0.7409018093782607,0.002221953994901377
2940.0,196.49296445189367,-143.73288554432173,-994.7454921472525,0.023009769778214555,-0.7211329340864493,0.0022187084696870443
2950.0,196.7459040049112,-136.15503525122023,-1001.270535054034,0.02352122454460723,-0.6969504266233593,0.0022234292767709597
2960.0,197.0092886813355,-128.39835820738688,-1007.5818505996792,0.023867091692551794,-0.6710580131408139,0.002226297373545194
2970.0,197.28546465060043,-120.49333111320027,-1013.7055790841038,0.024022182289198366,-0.650609204529845,0.002223319181219032
2980.0,197.5558988147164,-112.48532573651707,-1019.6943117034946,0.023910953237754343,-0.6319131799985996,0.0021884400059666727
2990.0,197.81386710021388,-104.35720891644773,-1025.518012305101,0.023568371899307605,-0.6107389526376917,0.002224059804476205
3000.0,198.05442107866972,-96.10308620431356,-1031.1621964160502,0.023022566242899313,-0.5884345439069312,0.002235669780413402
3010.0,198.27852323276116,-87.72347521654206,-1036.6175491118736,0.022228747888362575,-0.5635530678813321,0.0022323967248937208
3020.0,198.4930990188691,-79.19874717246678,-1041.8442217476645,0.021231377685476307,-0.5384651725840496,0.0022187243023790333
3030.0,198.69257045297707,-70.55525765082118,-1046.8729018784543,0.020030308084993873,-0.5161820179809611,0.002215406716756735
3040.0,198.86540071897082,-61.80565871564577,-1051.7148558717897,0.018640104236513758,-0.4955655665793506,0.0022262264065310753
3050.0,199.02937911651435,-52.962269121223216,-1056.3829412473078,0.017134263517517456,-0.47524239424544684,0.002270352512063237
3060.0,199.176152985219,-44.02361885703891,-1060.8651139907254,0.015578533481778154,-0.45190482464107873,0.0022857052621636904
3070.0,199.30786252038314,-34.97293220219703,-1065.115082907371,0.013992174209116356,-0.42792786285299655,0.002308014448811593
3080.0,199.4253580113628,-25.829765840403496,-1069.1636109838068,0.01239262476911738,-0.40711465429821303,0.002318160110864129
3090.0,199.52971226294312,-16.60965338019654,-1073.033422237228,0.010810426300208554,-0.38698840690943626,0.0023316442422157946
3100.0,199.6214309756178,-7.310857618341904,-1076.7107847449472,0.00928603623156927,-0.3652799369491835,0.002353386435273696
3110.0,199.69353386372336,2.0691637685508217,-1080.1770033364992,0.007865744214669108,-0.3411445798365421,0.002349117858800721
3120.0,199.74696966202316,11.535014764490215,-1083.4015443771239,0.006545678014776802,-0.3173599556742299,0.002353215341220463
3130.0,199.7936577796554,21.068884709125733,-1086.417689455302,0.00537949602146558,-0.29473393636908485,0.002333410009442087
3140.0,199.8261601524975,30.670108076237227,-1089.210492055201,0.004302826581899257,-0.27222395885013007,0.002285540748896955
3150.0,199.84645254829977,40.32973603762129,-1091.7944315589982,0.0033178445794070505,-0.25107868998541194,0.002224871307848909
3160.0,199.86181890872635,50.04054025810204,-1094.178838578641,0.002433869326473486,-0.23035563678987284,0.0021787520992398468
3170.0,199.87752110481756,59.799226131035354,-1096.360387707144,0.0016119843085114851,-0.20984900241988969,0.002117036920915548
3180.0,199.88989794578234,69.60010142137068,-1098.3447237347848,0.0008769308599177541,-0.184959876975272,0.00198207210165566
3190.0,199.90011297466748,79.45568616264353,-1100.0380782185216,0.0002209737371857116,-0.16177265185828424,0.0018673937350346574
3200.0,199.90496508478495,89.33812978261582,-1101.5659462918172,-0.0004075802220722251,-0.14174429778951286,0.0017624078056232555
3210.0,199.90222765437707,99.25290699003511,-1102.863166811799,-0.0009284716377044902,-0.11913706298842933,0.0016516671416077963
3220.0,199.89042217744452,109.19367247698966,-1103.942733072581,-0.0013985427853744235,-0.09700925744092315,0.0015469667414302057
3230.0,199.87156798546317,119.15591168967636,-1104.8000221172438,-0.0018481836021804678,-0.07497009882404461,0.0014125144742008124
3240.0,199.84878722634997,129.1348505416796,-1105.4405323495762,-0.002239836700470397,-0.05481518694956512,0.0012856029586204608
3250.0,199.82300514416713,139.12438799107895,-1105.8956954903406,-0.0026106243330967388,-0.037255867592983355,0.0011592792487463038
3260.0,199.78791542641022,149.1201892790568,-1106.1854481629068,-0.0029440126636548817,-0.02239471096105718,0.0010627732135853052
3270.0,199.75106103287246,159.1188178337055,-1106.3435398380927,-0.003293665484313312,-0.012342686444950445,0.0009977786697930528
3280.0,199.7133121289505,169.1183641184345,-1106.4322918994299,-0.003674606208459793,-0.004910778262316024,0.0009346817509052949
3290.0,199.67703357563465,179.11820158587963,-1106.4417531665797,-0.004000939162258958,0.002032145053359464,0.0008879510345809979
3300.0,199.63833732257137,189.118075131477,-1106.3916495296803,-0.00431400188677194,0.005605837958103535,0.0008303562674958318
3310.0,199.5897477391053,199.1178717136452,-1106.3296370821938,-0.004638547542735946,0.00826735150631269,0.000814981864759312
3320.0,199.53877089523067,209.11733782165615,-1106.2263048280824,-0.004974969065728172,0.009471069821925124,0.0008331894533383374
3330.0,199.48852793080866,219.11696604908855,-1106.1402185996476,-0.005304097611752597,0.008884668530185802,0.0008634016614232722
3340.0,199.43636650959942,229.11654558984205,-1106.0486138206863,-0.005641455702216971,0.009541780573599277,0.0009188656265196223
3350.0,199.37864364815016,239.11605217533236,-1105.9493859166328,-0.005985921112317039,0.010949980630940721,0.0009765159307450888
3360.0,199.3137664074395,249.11531066045507,-1105.829618977805,-0.006315139074968926,0.013700193574304742,0.0010102616434264622
3370.0,199.24356900353305,259.11411565320594,-1105.6753914331675,-0.0066214947412183535,0.016655501294375957,0.0010848113443412907
3380.0,199.17515563672367,269.11251585981665,-1105.4965246994004,-0.006982059435886847,0.02510092167165288,0.00117366493145992
3390.0,199.10041158789178,279.107261990868,-1105.17343960925,-0.007350668349939383,0.03837524605174738,0.0013131719663479074
3400.0,199.02675323712097,289.09719573494124,-1104.7292310008224,-0.007676412549895975,0.049975592742156925,0.0014226256718449107
3410.0,198.95063381191298,299.08157940025023,-1104.1743793809976,-0.008012318945169301,0.06256151267820871,0.0015778699794845533
3420.0,198.8738505598939,309.05679709671585,-1103.4788964754105,-0.00836426519056401,0.07925929282284605,0.0017160437852089807
3430.0,198.79729815765464,319.01644932634355,-1102.5910387647693,-0.008687755718515525,0.10271685544750685,0.0018751620675493588
3440.0,198.7126863614669,328.9486390967568,-1101.428452697204,-0.008972011756602723,0.13080470601407332,0.00201754044794393
3450.0,198.61738704851513,338.8435077102728,-1099.9826729577092,-0.009209112950273685,0.16071081129875198,0.002210317042221954
3460.0,198.51381161790925,348.6871648015449,-1098.2286626447228,-0.009415965671941166,0.19066112116544626,0.0023760344533558363
3470.0,198.40735140463067,358.4763760033572,-1096.1934214192217,-0.009616028660342772,0.2198957506420445,0.00253389471046688
3480.0,198.30062727142254,368.20013399461146,-1093.8673196485931,-0.00979530433327466,0.25025996546630513,0.002681790542137161
3490.0,198.19540418696917,377.8483273712678,-1091.2415853973682,-0.0099214258215711,0.2796441664026754,0.0028403448326743677
3500.0,198.09521694010348,387.420483550298,-1088.3478290005273,-0.009992774425338862,0.31192128232895017,0.002952802239148516
3510.0,197.99401246125694,396.87997282443916,-1085.104883909132,-0.01005554571109263,0.3464335150698373,0.003009380931543243
3520.0,197.8870349073863,406.22846928442243,-1081.5582960766803,-0.010110044943467116,0.378268486392087,0.0031120338792486944
3530.0,197.78848218205573,415.4608626061393,-1077.7207200584235,-0.010153200832979128,0.40838022030536386,0.0031839365784908135
3540.0,197.69178951365993,424.5789976781699,-1073.6178977544362,-0.010148224881865732,0.43636877919825073,0.003239083368890709
3550.0,197.58880594512283,433.5829587359925,-1069.269443297809,-0.010132577409840537,0.4641052737698838,0.003263896695318284
3560.0,197.49180255068637,442.4607678750825,-1064.6667804935305,-0.010078312322820093,0.49742389817050014,0.003260759558063769
3570.0,197.39638755406716,451.1560081204031,-1059.7279408102174,-0.010006713348930524,0.532555352283503,0.003272441408739917
3580.0,197.30068408330712,459.6876474266696,-1054.5140368801463,-0.009889390886886644,0.5640433405862576,0.0032536238750633514
3590.0,197.2039345545214,468.05341885904085,-1049.0386975811402,-0.00972737995630388,0.5950180262739493,0.003249954058411701
3600.0,197.10819003265522,476.2454662387299,-1043.3069130004076,-0.009569777481000482,0.6255646389611436,0.003230187451432805
3610.0,197.01460582301038,484.26202114346296,-1037.3305215569155,-0.00944538243996456,0.6538870703506844,0.003207706212392617
3620.0,196.91981951920857,492.1178774860506,-1031.1429944846861,-0.009366226319923999,0.6837004824116807,0.0031996527367172643
3630.0,196.82769562813803,499.76422738239285,-1024.6993219946935,-0.009295106376345489,0.7159720914916494,0.0031312084536578026
3640.0,196.7357810701384,507.2037164510502,-1018.0188187662935,-0.009240733273630772,0.7515597804864125,0.0031295996511266013
3650.0,196.64140283097748,514.372932091193,-1011.0472804062808,-0.009190506295890436,0.7843220629005063,0.0031292149698984675
3660.0,196.55014692580596,521.3595859471206,-1003.893382808823,-0.009125165683031556,0.81347552186617,0.0031438749446613106
3670.0,196.45978116723467,528.1090849142347,-996.5172800501915,-0.009068908311216319,0.8460259349966097,0.0031495104584761168
3680.0,196.37032822727417,534.6145737441119,-988.9251866514542,-0.009028848878469392,0.876589224796988,0.003146304031897893
3690.0,196.28143486780658,540.9014950868086,-981.1497974710227,-0.008968806342479601,0.9029409658521466,0.0031194764287572137
3700.0,196.19241246017015,546.9987634719047,-973.2245385526094,-0.008879749559747204,0.9312464649057879,0.003098516307888966
3710.0,196.1045869369484,552.8362064016125,-965.1051629582424,-0.008827257622502466,0.9682317846687196,0.0031022040173599506
3720.0,196.01946239527382,558.3310435739996,-956.7510053358739,-0.008761651195431257,1.0037987891932576,0.0031381467966564145
3730.0,195.93291999583775,563.575989168934,-948.2383549856944,-0.008692508098708031,1.032273161119469,0.0031829450968909466
3740.0,195.84589377290465,568.5861146875711,-939.5855205075786,-0.008609493998834546,1.0602152066967798,0.0031435122985853403
3750.0,195.75904966944293,573.347197890494,-930.7935655274891,-0.008598812552584522,1.0904080145789385,0.00311603785542017
3760.0,195.67281951600881,577.8261085376582,-921.8539641642845,-0.008618709038324871,1.1245230386879335,0.003095351827207365
3770.0,195.589397281668,581.9774125659097,-912.7563449776496,-0.008598951007845846,1.157181470192786,0.003127426595395634
3780.0,195.50458597763838,585.8636248528578,-903.5425891092744,-0.008554083622303747,1.1868904692961866,0.003151084193630195
3790.0,195.4219639360513,589.466861544337,-894.2157544065502,-0.008471327445698068,1.219224086064193,0.0031747386857859288
3800.0,195.34104170467808,592.7488226666427,-884.7721786423228,-0.008363383856696723,1.2530354541147257,0.0031947248979594623
3810.0,195.26263512692904,595.7135129650701,-875.2235582011594,-0.00824354693948582,1.2842534352405597,0.003240448481749596
3820.0,195.18662134691542,598.4003364006912,-865.591858346828,-0.008065695287627817,1.3101094852795738,0.003243277942548792
3830.0,195.10806719047218,600.8679195859663,-855.9010878292814,-0.007824312050373827,1.3421249428723505,0.0032731184599642947
3840.0,195.0339023428862,602.9330175816725,-846.1167549603842,-0.0075348232886310335,1.3782050686300826,0.0032990362747046817
3850.0,194.9571477426411,604.6952707092565,-836.2744799684732,-0.007206621460133211,1.408927090285932,0.0033458541475444043
3860.0,194.8817461879853,606.1554349719474,-826.3833951370018,-0.006833822829731574,1.438475120468432,0.0033146284183001714
3870.0,194.8099865896378,607.3333132504429,-816.4543150589079,-0.006421600242552825,1.4663527813139596,0.0032951974749079235
3880.0,194.74118556608656,608.2400631283135,-806.4966457446684,-0.005929407694843177,1.4948678859934876,0.0032515519733806518
3890.0,194.6713129156117,608.8501604445529,-796.5153947056135,-0.005425513184910381,1.528615793212769,0.0031744243074552877
3900.0,194.6191644297443,609.0832684756421,-786.5181120425174,-0.004885015428919001,1.564342018041321,0.003061960918859488
3910.0,194.58267151278855,608.9792195758677,-776.5198624003416,-0.004281727243893336,1.599712603182121,0.002962802757794364
3920.0,194.55122436666113,608.5052333908334,-766.5337281655499,-0.003610963845897362,1.6304749771971183,0.002888454073341237
3930.0,194.52494086690106,607.7866180304536,-756.5598705460225,-0.002878225860011246,1.6521894230751843,0.0027671817211172966
3940.0,194.50587276238033,606.8794082387961,-746.6028818844475,-0.0021041881359602395,1.6809904343224271,0.0026280934937822375
3950.0,194.4956961858623,605.5878489430254,-736.6871003134323,-0.0012269160469046809,1.7173804046573184,0.0024697906444090673
3960.0,194.49541744210433,603.9587060995185,-726.82069805144,-0.0002897797723716406,1.751070509435091,0.0023186638170758543
3970.0,194.502040940718,602.002540298817,-717.0149276517992,0.0006809614539545327,1.7823020357444697,0.002181858704628199
3980.0,194.51255519848297,599.7610236597978,-707.2708664454047,0.001683082629874508,1.80950727128235,0.0020101381591557258
3990.0,194.5300894471538,597.2744822000727,-697.5859529651589,0.0026052841676852375,1.8333770395982407,0.0018439945598141896
4000.0,194.55683685604188,594.5703267061535,-687.9592888120804,0.003488663145001674,1.8553485008942934,0.0016935769523127788
4010.0,194.5912956549615,591.6604674322554,-678.3920446266228,0.004299095492877331,1.8709990792413067,0.0015350548484914515
4020.0,194.63641125369037,588.6561293062299,-668.8540179740855,0.005020616724058634,1.8824359335251348,0.001365316162228631
4030.0,194.68563673700572,585.528246184625,-659.355937269308,0.00563010374487071,1.8926512676081646,0.001164391617554941
4040.0,194.74920113794605,582.3297044197298,-649.8813451754148,0.006097639321445121,1.897192019827234,0.001031009458447501
4050.0,194.82356539608153,579.1156514591019,-640.4119351458011,0.006381206390996209,1.897581556282816,0.0008832205962255065
4060.0,194.903233950357,575.9097069802381,-630.9397721463223,0.0066010939357484776,1.8976904755225712,0.0007421584384484516
4070.0,194.98565537097244,572.6935893039143,-621.4710566178453,0.006729336076015835,1.8975065888309237,0.000595263179574473
4080.0,195.07233228209185,569.491127879531,-611.9977129195868,0.006762327042327671,1.8969657226616308,0.00044956457451247303
4090.0,195.1610084450826,566.2852545199062,-602.525523423576,0.006664295837852036,1.8974844198557044,0.0003257292474416403
4100.0,195.2375007880238,563.0729675443915,-593.0555079745712,0.006448414790476587,1.898090510990394,0.00026567834452536477
4110.0,195.30396308023657,559.8556145759715,-583.5872116946987,0.006130046563663755,1.8986226797419963,0.00016675256352828813
4120.0,195.3611086765603,556.6332501619204,-574.1206206637564,0.005697046776268523,1.899264429154731,7.319490541642942e-05
4130.0,195.4033747940339,553.4037472459574,-564.6564614908802,0.005148612365876816,1.899359258094552,-4.94405847183535e-05
4140.0,195.44337522469723,550.1795871238958,-555.1904807436299,0.004499481970537285,1.8981933508862772,-0.00015843091945882238
4150.0,195.47591949983504,546.9721624093798,-545.7188189985154,0.0037171862788421698,1.8979452450180112,-0.00017710033341353115
4160.0,195.49587745767755,543.7527017951203,-536.251245388313,0.0028896142349736542,1.8987880950382086,-0.00021115324231300278
4170.0,195.50440956213154,540.5293147195131,-526.7850022422953,0.001971909333570013,1.8989886019990088,-0.00021332407214735396
4180.0,195.50439764164108,537.3060565356384,-517.3187169216998,0.0009675417339141984,1.8995558128767427,-0.00021293084966477415
4190.0,195.49854577930765,534.0719325612398,-507.8561357725348,-0.00012655857247323684,1.9000680698050552,-0.00022228526857570848
4200.0,195.48886916830168,530.8389769382605,-498.39315537839656,-0.0011047729901479673,1.8993751865604402,-0.00022908425768303862
4210.0,195.46868696305506,527.6179693786546,-488.9261027073656,-0.002044984484627214,1.8989660480183486,-0.00019991796820634458
4220.0,195.44392141832427,524.3927584922628,-479.4604809550716,-0.003045306640364735,1.898758386136195,-0.00022024376006741053
4230.0,195.4047288632724,521.1756834535056,-469.9920923716616,-0.004037308592875584,1.8985474490447727,-0.00022261263972849795
4240.0,195.35659428279098,517.9544661659562,-460.52511086030944,-0.004930832909589534,1.8997279495339163,-0.00023721070165964522
4250.0,195.29823993984024,514.7150471491117,-451.06434977556944,-0.005755632514392832,1.899539215372632,-0.00026733893256177796
4260.0,195.22806047762882,511.4974118103833,-441.5961771728653,-0.006932133222610054,1.8965935754024061,-0.0003032858196603303
4270.0,195.15076275584687,508.31378777750837,-432.11650539354406,-0.00795830529898427,1.8931156155279245,-0.0003340566327605385
4280.0,195.0653612808509,505.1620839182077,-422.62616331345197,-0.008746706418806873,1.889300098273477,-0.00037693226894412783
4290.0,194.96591210195973,502.05088596350697,-413.12245628478854,-0.009831087640337306,1.883679175349486,-0.0004140138133724509
4300.0,194.86348040246835,499.00607486656884,-403.5973048216311,-0.010885979102535496,1.872579088395718,-0.0004508464431915291
4310.0,194.74418294280798,496.10674587675607,-394.0273132634842,-0.011610519711911758,1.8617759021303888,-0.0004879243663892422
4320.0,194.61754833179955,493.2684201792503,-384.438574700207,-0.01287206657817627,1.8585850338155125,-0.0005214360041544412
4330.0,194.4909137207911,490.4300944817446,-374.84983613692987,-0.013812931324804217,1.8585850338155132,-0.0005402677165194709
4340.0,194.36427910978267,487.59176878423887,-365.26109757365276,-0.014536724620408498,1.8548570126593862,-0.0005778632608165687
4350.0,194.20758630574565,484.82503641632684,-355.65153518400354,-0.015331440512844702,1.846333942353237,-0.0006146480133026224
4360.0,194.03434395044118,482.15057579496005,-346.01584601508847,-0.01614541243513958,1.8392908174334432,-0.0006347412706603104
4370.0,193.86477007916582,479.5194640301847,-336.3682204080882,-0.01684570487575706,1.8327227930646839,-0.0006571869384491011
4380.0,193.68823000819924,476.971853014763,-326.698409136837,-0.017411032989894,1.8240904391209334,-0.0006729893901348418
4390.0,193.48960162271817,474.5076933600448,-317.00682350577375,-0.018108059840442135,1.8171185906944298,-0.0006733588949119373
4400.0,193.2732371593352,472.0951086312279,-307.30222696828406,-0.018485090130627945,1.8124963595519903,-0.0006913223618418244
4410.0,193.12349825070322,469.72063369385705,-297.5882232225675,-0.018602252977864105,1.8050989034156268,-0.0007134054935865841
4420.0,192.94737948377065,467.4518925513723,-287.84902140359844,-0.018679561769272674,1.7964338901423216,-0.0007274260445575281
4430.0,192.71662236554081,465.24612220972045,-278.09538471037354,-0.018767908080269825,1.7902046782663859,-0.0007429194783433933
4440.0,192.53629968889695,463.0988936806829,-268.32869560138903,-0.0185248800750277,1.784215555556104,-0.0007491589115948314
4450.0,192.36358010480552,461.01011377038566,-258.549354355996,-0.01838496437340274,1.7779075619083804,-0.0007409125848385276
4460.0,192.125240169493,458.98626803183186,-248.75634831903108,-0.018080867534208508,1.770722294768718,-0.000738021794833835
4470.0,192.0043430374727,457.03821873145887,-238.94792826668217,-0.01770377281462418,1.7631100908423751,-0.0007301093669829486
4480.0,191.8369883874813,455.163687082384,-229.12520625825806,-0.017234801159626372,1.7559360001914515,-0.0007148086631850245
4490.0,191.63463027872172,453.35657897024464,-219.28991311625006,-0.016637921994304177,1.749157063823601,-0.0006955984951306061
4500.0,191.45954931251305,451.61540259481706,-209.44274788040323,-0.015883898915218825,1.7427659625388028,-0.0006776244246251015
4510.0,191.31428857368533,449.93415294877053,-199.58514643599025,-0.015152774132416292,1.7369492216841567,-0.000702225767079691
4520.0,191.17048547714606,448.3076409741154,-189.71834544688383,-0.014453172948544552,1.7312576064797565,-0.0006916841820035777
4530.0,191.03072967467844,446.73870055509354,-179.84219103529395,-0.013722071268086387,1.723715383234739,-0.0006638046874727832
4540.0,190.94900774496597,445.2611998558187,-169.95195496346886,-0.01301448471462742,1.7165665567558712,-0.0006355467058625485
4550.0,190.84055542252804,443.8336260562265,-160.05441483519414,-0.012417237013530726,1.7110999896660788,-0.0006285005371086299
4560.0,190.7061192524835,442.4643480663733,-150.14865486347287,-0.011933143536973376,1.7047884236984643,-0.0006157697020116775
4570.0,190.58513390129968,441.16182613723646,-140.2339098784508,-0.011126045015345679,1.6984440609716545,-0.0005777877477687056
4580.0,190.4983718721851,439.91834793323045,-130.3115854689844,-0.010437053654011513,1.6917977525520889,-0.0005400556887866786
4590.0,190.3716366738784,438.74772245450504,-120.38034002903254,-0.010077032084823256,1.6832183844589175,-0.0004978764213067317
4600.0,190.28522523556498,437.6746675171445,-110.43808312423867,-0.009572276021841348,1.6756060051649402,-0.0004408297118091382
4610.0,190.1990217474925,436.655376543635,-100.49020387544977,-0.009117985162909414,1.6708780077201193,-0.00037132104336335623
4620.0,190.1145974519018,435.6763839380756,-90.53826459506016,-0.009135944594431707,1.667486429883338,-0.0003186997047236118
4630.0,190.03390116595872,434.72459099060535,-80.58366967914644,-0.008720161667709522,1.6654053829783428,-0.0002486562741234815
4640.0,189.95578402973527,433.7870254295647,-70.62771816887165,-0.008585752010967677,1.6646328041518688,-0.00015367269878154507
4650.0,189.8729139219974,432.8506144259424,-60.67165798732725,-0.008733927572149554,1.6648499365311948,-6.313113669790568e-05
4660.0,189.78473064979877,431.9087254329466,-50.71611455038364,-0.008851038074122627,1.665463459860114,7.575108212987922e-06
4670.0,189.6968111872224,430.96009864010745,-40.76121144334825,-0.00886663362276159,1.6658854539425576,7.196727956215456e-05
4680.0,189.61341441620334,430.0098076229728,-30.80646649519682,-0.008893555078924007,1.666123981076113,0.00015660148557160801
4690.0,189.53425663246634,429.056431921734,-20.852017199331986,-0.008944924232038654,1.6663515086977365,0.00022208268674726763
4700.0,189.45616365013313,428.10161120882304,-10.897707432003449,-0.00869207855238885,1.665876856117766,0.00029991554673445317
4710.0,189.37484457161295,427.157685712597,-0.9423572338521825,-0.008500938845340221,1.666435238139202,0.0003879075270767001
4720.0,189.28924602024432,426.19174881687866,9.010881732107212,-0.008389743223281718,1.6683880041564818,0.0004716019551878048
4730.0,189.200569170775,425.2089499549762,18.962466660216847,-0.008161820873695783,1.67210402264887,0.0005513757192808549
4740.0,189.10776438327818,424.1690763897807,28.908165353680914,-0.007668840296083907,1.6798158033020945,0.0006202439492730175
4750.0,189.01472799540815,423.0329426790739,38.843131224067115,-0.007275860940291551,1.6905361256611136,0.0006842219940895743
4760.0,188.92686655185787,421.78009207975714,48.76418611748699,-0.0066012238995811585,1.7016881065102403,0.0007442698042772954
4770.0,188.84858698299735,420.42263445199325,58.67160330654105,-0.005834481445531191,1.7126246937516347,0.0008033247193176739
4780.0,188.7867090356933,418.9530730026037,68.56303339255365,-0.004974211361554678,1.7230878694471317,0.0008590506496582661
4790.0,188.73866405106813,417.3886126988121,78.43980330476462,-0.004023391802542255,1.7328236957098415,0.0009020066509814661
4800.0,188.70519060836256,415.72676985600566,88.30056535027757,-0.0030125329803301426,1.7432291942722942,0.0009264164483439812
4810.0,188.68395255535808,413.95714698815664,98.14247827261978,-0.0019906998207312038,1.754355074162402,0.0009579251832149575
4820.0,188.67259907823617,412.07631008610616,107.96385095465293,-0.0009941503600946896,1.7652062909315391,0.0009796412834972297
4830.0,188.67129555270824,410.09348101396387,117.76527305268426,1.654538216818286e-05,1.7758505427432159,0.0010066350293043628
4840.0,188.68769898414502,408.0039709445963,127.54453415309514,0.0010460775719245631,1.7838785260741457,0.0010288934352221054
4850.0,188.7207992967152,405.86403254182704,137.3128587275437,0.0020787251543223618,1.789625955087838,0.0010500590159487077
4860.0,188.768317582412,403.66226905446837,147.06737862294278,0.0030875690578366795,1.798580656048711,0.001070722370066765
4870.0,188.82718997205802,401.3478380221133,156.79538578186506,0.004019045490122301,1.8109128791377744,0.0010727617083471181
4880.0,188.89364608996428,398.9061845804859,166.49263528738376,0.004838029661988882,1.8214273907859428,0.0010814910567125292
4890.0,188.9636686154732,396.3876035473247,176.17022407267928,0.005564697915188174,1.832349082850531,0.0010742607108911193
4900.0,189.03423324417201,393.73470660483804,185.81191157085868,0.0061558675923594295,1.8448325564146577,0.0010687988863143088
4910.0,189.10340121830498,390.9753304602307,195.42355485901737,0.006602655333998175,1.8546168725772183,0.001057796856897938
4920.0,189.17294763227926,388.1343115596672,205.01137772267433,0.0069338243665430805,1.8636571112823341,0.001050090399063526
4930.0,189.24108457638044,385.2016462173955,214.57145122525768,0.007218935101124874,1.8733099597388385,0.0010186871221262207
4940.0,189.30761356168648,382.1760613468506,224.10266988345438,0.007453460909643519,1.8820719050256174,0.000996204197487706
4950.0,189.3755620732631,379.0762697524599,233.6100547780841,0.007648932655039811,1.8919793741477138,0.0009776469501960726
4960.0,189.44467943620288,375.8624033692374,243.0795353800387,0.0077917769851089756,1.9037944367573074,0.0009791208626590182
4970.0,189.5179118104251,372.5388564160117,252.5109676674438,0.007849460744751112,1.9144479165086368,0.0009878021736057438
4980.0,189.58892701796705,369.12402293723403,261.9096788116376,0.0078016475907709765,1.9240995918674484,0.0010036873937841946
4990.0,189.65780664427808,365.6190741608166,271.2751334985535,0.007711964666519241,1.9337251789002186,0.0010114193379019048
5000.0,189.7251486977679,362.02394328319684,280.60638166135857,0.007547163552270608,1.9432853365699034,0.001007062039327626
5010.0,189.79054724912453,358.3405220006491,289.9032490894861,0.007347220215087437,1.952612014329528,0.0010087577144154603
5020.0,189.85725100034026,354.57191368450316,299.16594801363743,0.007104561013698029,1.9627735998847997,0.0010324077238308
5030.0,189.92798116948023,350.7003457372649,308.3859890200789,0.006806017373661471,1.9729035513317956,0.0010611621127227084
5040.0,189.99553559290746,346.7449165836972,317.5703152640814,0.006444826450919833,1.9823651236535562,0.0010861172189852793
5050.0,190.06274704827385,342.699627789047,326.7153393624429,0.006041922928911537,1.9921628887279308,0.0010780670036413793
5060.0,190.1315147716592,338.5649911540106,335.8204151232479,0.005521846027159644,2.0015475631931037,0.0010672760280784315
5070.0,190.1988228636121,334.34872089987823,344.8880294739223,0.004932139939308717,2.0125087939967576,0.001067096320867496
5080.0,190.25141299948848,330.0154368444541,353.9003903907414,0.0042625608677676185,2.0235897602554545,0.0010588097377206773
5090.0,190.29462704122776,325.5992557476443,362.87235717083837,0.0034836738938780272,2.034224936909048,0.0010260330768770563
5100.0,190.32220131324053,321.0753917304331,371.7902742081433,0.002585238018049306,2.0450814165895306,0.001017261071554797
5110.0,190.3359105713061,316.46548738447854,380.6641950023296,0.0016013372574052755,2.0535799869480025,0.000998207129133126
5120.0,190.33955882097882,311.79061093699005,389.5041115068568,0.000532186774028721,2.060732279856936,0.0009682307756388615
5130.0,190.3350683817594,307.0542161608923,398.311236895975,-0.0006159791360900303,2.069631820715089,0.0009210890914069002
5140.0,190.30766743327612,302.2227123644204,407.06661073520485,-0.001875738050888411,2.080654982430997,0.0008884505950327471
5150.0,190.27176754911133,297.2933297665093,415.76716479251564,-0.0032281091728925126,2.0933567913502276,0.0008310355822063
5160.0,190.22103921846923,292.2411762360114,424.39666890756024,-0.004640155061381449,2.106261301761842,0.0007916955271351364
5170.0,190.156955860177,287.0889605107221,432.96703491996544,-0.006104234968785407,2.1164299418350256,0.0007506193238376933
5180.0,190.08164574066913,281.8622147841258,441.4922551465505,-0.007593502733853659,2.124396340671666,0.0006993537110005182
5190.0,189.9948996874312,276.5740312614505,449.9795718731776,-0.009102570290928227,2.1315777881999773,0.0006435022352275702
5200.0,189.88836913005065,271.2253351382648,458.4289179888138,-0.010615576289435456,2.1403299392470174,0.0005806312265322105
5210.0,189.77441470680023,265.7894200716843,466.82234890523813,-0.01219424485025673,2.1504859472655196,0.0005250354217062022
5220.0,189.6406918871001,260.27030503554977,475.1611815627456,-0.013728130382657137,2.1574227197591163,0.00047007662932783723
5230.0,189.48906595060498,254.71843929355705,483.47843953697645,-0.015190998929341091,2.1593817672210887,0.00042247308997228096
5240.0,189.3229948429205,249.16660459356618,491.79571774551545,-0.01663249229912317,2.159099191078269,0.0003644978710209762
5250.0,189.14441593693758,243.61944007555334,500.11611231018134,-0.01800277628430147,2.158862816644976,0.00030576623967426753
5260.0,188.94985713218534,238.07153757300597,508.4360148229651,-0.01933942500302553,2.1583381202771372,0.00024755047779216507
5270.0,188.73982765146457,232.53310780247426,516.7622254592064,-0.02064042430083405,2.1571600994090914,0.00019134472197789238
5280.0,188.5182989679457,227.0048240542835,525.0951739443318,-0.021788315522442713,2.1572187736059067,0.00016887591902625348
5290.0,188.28890171230202,221.46542491533702,533.4207230668267,-0.022857787817121902,2.15875272969451,0.0001237505092258099
5300.0,188.0506738542774,215.9116012016304,541.7366740095252,-0.02391090907154678,2.1596621963586156,9.009982448306969e-05
5310.0,187.79979365534476,210.35705985235424,550.0521451672657,-0.02483049298905839,2.1592992793645815,5.21425085670045e-05
5320.0,187.53626101736623,204.80927354319937,558.3721251593063,-0.025634452460496417,2.1578790557044214,5.002954260510043e-06
5330.0,187.2605569058729,199.27837477489936,566.7033393110074,-0.02637297847123926,2.158074114932041,-2.071688693686685e-06
5340.0,186.97942337902745,193.72734962343574,575.0211445915418,-0.027060606992594993,2.158044629612822,1.5973738466423534e-05
5350.0,186.68716911155607,188.1969480478446,583.3526760452834,-0.027668822736932778,2.157286334601746,2.542687360038208e-05
5360.0,186.40617634489286,182.65853952335596,591.6788970864771,-0.028219475079578504,2.157526869214318,2.6987075419561158e-05
5370.0,186.12489042054668,177.1241250049083,600.0077753989078,-0.028663492155590574,2.1568998148492065,1.565104157407109e-05
5380.0,185.84185429977157,171.5961611213758,608.3409382166722,-0.029122473231602636,2.1563135589974225,1.4447912495228743e-05
5390.0,185.55824341551443,166.07151498270164,616.6763016733164,-0.029501013741418163,2.156254496862679,2.232313320154327e-05
5400.0,185.27173753570105,160.54453764849944,625.0101141587592,-0.029734179467899753,2.157477741855778,-1.0693970021307664e-06
5410.0,184.98627339844344,154.99951565475925,633.3319367409182,-0.02987317553709749,2.1585596362600614,-1.9234990785778774e-05
5420.0,184.7059512559629,149.4545161358322,641.6537742985179,-0.029857238914127584,2.1581587712193473,-3.181252578282124e-05
5430.0,184.41130069005717,143.91616830072053,649.9800390328998,-0.029682145051443284,2.157283216656981,-6.0545551098164076e-05
5440.0,184.12123331319324,138.38575076952418,658.3115721472316,-0.02942483398014714,2.1567777977902924,-0.00010617817824419321
5450.0,183.8361274753109,132.85582274458974,666.6434302744676,-0.028992933853852806,2.1573213672749723,-0.00014021220231041077
5460.0,183.54683199372352,127.31635165793394,674.9689450672349,-0.02840803907426232,2.158738195961629,-0.00020578702867746307
5470.0,183.25035650172518,121.76283523302278,683.2851013499321,-0.027690721420256175,2.16009162693782,-0.0002709429393226396
5480.0,182.95862887272605,116.20084671206136,691.5955936666276,-0.02685192610660462,2.158760553832987,-0.00034451772274089466
5490.0,182.68045689121328,110.6694986747181,699.9264898685317,-0.025901207996780386,2.1565592862720293,-0.00041507784570203154
5500.0,182.41448060257804,105.14415122046805,708.2613882736364,-0.024812617359263506,2.156180422809694,-0.0004798024980590226
5510.0,182.15918330691153,99.61910761502166,716.5964879795238,-0.02365268290871159,2.1561670887419213,-0.0005496487153653152
5520.0,181.91987689311148,94.09398336654408,724.9315323330004,-0.022251519778647748,2.1567303417197916,-0.0006405117058212921
5530.0,181.7154892618945,88.55955659773183,733.260398436619,-0.02070170289712403,2.151913721825227,-0.0007331902465488038
5540.0,181.53286331473493,83.11497990178869,741.6482816381177,-0.01899959807491845,2.1386626710987953,-0.0008064510526287502
5550.0,181.36318856786193,77.80335395060493,750.1206436121264,-0.01715420731178376,2.123431280774806,-0.0008915645013856937
5560.0,181.22113648982838,72.61696850741019,758.6701558455453,-0.015260783900692309,2.1111510722788966,-0.0009813631371837228
5570.0,181.0919759895501,67.51489455117434,767.2705930737025,-0.013298921737243757,2.1022211239395725,-0.0010649331345140554
5580.0,180.9725946522559,62.48196645470088,775.9114641128225,-0.011280499196287808,2.0913797398794327,-0.0011407296542389489
5590.0,180.88281925163088,57.567543765344,784.6205197916389,-0.009366511463171327,2.0749076595947678,-0.0012072078572207153
5600.0,180.80883121299127,52.821844030609164,793.4226975919188,-0.0074899468089253095,2.0591797336399984,-0.0012628229043216647
5610.0,180.75376080718348,48.183816182036104,802.2818987724704,-0.0056181459085482555,2.0480969498906245,-0.0013060299564041085
5620.0,180.71668666570238,43.6344455198138,811.186949823314,-0.003829727994930355,2.037734001976648,-0.001335284174330357
5630.0,180.69705594927763,39.18106415985625,820.1402721752343,-0.002147506298474322,2.0263597151808406,-0.0013490407189627224
5640.0,180.69368993696963,34.835443598780174,829.1464720941187,-0.0005942940495826735,2.0142835841543123,-0.0013457547511635155
5650.0,180.70443685064345,30.599479369533913,838.2049522687275,0.0008070955213420432,1.9993245024093114,-0.001323881431795048
5660.0,180.7337784895865,26.525132660677656,847.3372958286268,0.002033849183897332,1.985447997467214,-0.0012818759217196286
5670.0,180.7661653232445,22.542201864836088,856.5097561534918,0.0030631537076806423,1.9744524935031929,-0.0012181933817995718
5680.0,180.8059404100591,18.66976928882661,865.7292092549662,0.003872195862289471,1.9631545339776546,-0.001131288972897187
5690.0,180.84501114854282,14.895107436757376,874.9892895537168,0.004438162417321277,1.9534378834030446,-0.0010196178558747832
5700.0,180.87832517885616,11.202493398481264,884.2824187504883,0.004738240142373555,1.9443139927859936,-0.0008816351915946762
5710.0,180.9156614505927,7.597376627753546,893.6099606640398,0.00474961580704375,1.9350765703010304,-0.0007157961409191717
5720.0,180.94994069330943,4.077031196571499,902.9698307510201,0.0044494761809293765,1.9289838918466589,-0.0005205558647105865
5730.0,180.98107257838893,0.5858410746600264,912.340602432271,0.003815008033627873,1.9263946402479497,-0.0002943695238312276
5740.0,181.0144909567872,-2.8859853046908883,921.7185717234072,0.0028233981347367404,1.925160115079969,-3.5692279143405666e-05
5750.0,181.04730467851562,-6.354031364961656,931.0979441384179,0.001451833253853431,1.9252479155756717,0.0002570207084905641
5757.903853215241,181.0703079027368,-9.099983959,938.5094649,0.002695710758560055,1.9252479155756717,0.00028482804357298283
